skin_id,name,side,type_id,category,map_scale,map_offset_x,map_offset_y,combat_scale,combat_lineup,retainers,combat_effect,map_move_sfx,on_board,muzzle
スキンID,表示名,陣営,種別ID,分類,描画倍率,横位置補正,縦位置補正,戦闘倍率,表示パターン,従者,攻撃エフェクト,移動音,盤上,攻撃の始点
novice,ノービス,ally,novice,infantry,0.95,0,0,0.95,squad,,slash_s,,true,stand
fighter,ファイター,ally,fighter,infantry,1.0,0,0,1.0,squad,,slash_m,,true,stand
vanguard,ヴァンガード,ally,vanguard,infantry,1.0,0,0,1.0,squad,,slash_l,,true,stand
knight,ナイト,ally,knight,infantry,1.05,0,0,1.05,squad,,slash_m,,true,stand
dwarf,ドワーフ,ally,dwarf,infantry,0.9,0,0,0.9,squad,,slash_l,,true,stand
archer,アーチャー,ally,archer,archer,1.0,14,0,1.0,squad,,arrow,,true,stand
hunter,ハンター,ally,hunter,archer,1.05,0,0,1.05,squad,,arrow_crossbow,,true,stand
elf,エルフ,ally,elf,archer,1.0,5,0,1.0,squad,,arrow,,true,stand
thief,シーフ,ally,thief,scout,1.0,0,0,1.0,squad,,slash_m,,true,stand
halfling,ハーフリング,ally,halfling,scout,0.7,0,0,0.7,squad,,stone,,true,stand
ninja,ニンジャ,ally,ninja,scout,1.0,0,0,1.0,squad,,,,true,stand
kunoichi,クノイチ,ally,kunoichi,scout,0.9,0,0,0.9,squad,,,,true,stand
cleric,クレリック,ally,cleric,clergy,0.9,0,0,0.9,squad,,holy,,true,stand
priest,プリースト,ally,priest,clergy,1.0,0,0,1.0,squad,,holy,,true,stand
bishop,ビショップ,ally,bishop,clergy,1.0,0,0,1.0,squad,,holy,,true,stand
paladin,パラディン,ally,paladin,clergy,1.05,0,0,1.05,squad,,slash_m,,true,stand
mage,メイジ,ally,mage,mage,1.0,0,0,1.0,squad,,magic_bolt,,true,stand
wizard,ウィザード,ally,wizard,mage,1.1,14,0,1.1,squad,,magic_bolt,,true,stand
witch,ウィッチ,ally,witch,mage,0.95,0,0,0.95,squad,,magic_bolt,,true,stand
gunner,銃の技師,ally,gunner,engineer,0.9,0,0,0.9,squad,,ray_bolt,,true,stand
shieldwright,盾の技師,ally,shieldwright,engineer,1.0,0,0,1.0,squad,,punch,,true,stand
wagon,馬車,ally,wagon,transport,0.95,0,0,1.3,single,,,move_wagon,true,stand
horse,馬,ally,horse,transport,0.9,0,0,1.1,single,,,move_hoof,true,stand
airship,飛空艇,ally,airship,transport,1.3,0,20,1.3,single,,cannonball,move_propeller,true,stand
minecart,トロッコ,ally,minecart,transport,0.95,0,0,1.3,single,,,move_wheel,true,stand
railcar,改良トロッコ,ally,railcar,transport,0.95,0,0,1.3,single,,,,true,stand
pixie,ピクシー,ally,pixie,flier,0.68,0,20,0.68,squad,,magic_dust,move_float,true,stand
survey_drone,調査ドローン,ally,pixie,flier,0.5,0,20,0.7,squad,,ray_bolt,move_propeller,true,stand
birdman,バードマン,ally,birdman,flier,1.0,0,20,1.0,squad,,punch,,true,stand
birdman_child,鳥人の子,ally,birdman,flier,0.75,0,20,0.75,squad,,,,false,stand
miner,坑員,ally,novice,infantry,1.0,0,0,1.0,squad,,,,false,stand
dwarf_miner,ドワーフの坑員,ally,dwarf,infantry,1.0,0,0,1.0,squad,,,,false,stand
barricade,バリケード,ally,barricade,emplacement,0.85,0,0,0.85,squad,,,,true,stand
ballista,バリスタ,ally,ballista,emplacement,1.2,0,0,1.2,squad,,arrow_bolt,,true,stand
cannon,移動砲,ally,cannon,emplacement,1.0,0,0,1.0,single,,cannonball,,true,stand
mantlet,移動壁,ally,mantlet,emplacement,1.0,0,0,1.0,single,,,,true,stand
drill,ドリル,ally,drill,emplacement,1.0,0,0,1.0,single,,drill,,true,stand
goblin,ゴブリン,enemy,cleric,goblin,0.8,0,0,0.8,squad,,slash_s,,true,stand
hobgoblin,ホブゴブリン,enemy,priest,goblin,1.1,0,0,1.1,squad,,slash_m,,true,stand
goblin_archer,ゴブリンアーチャー,enemy,slinger,goblin,0.8,0,0,0.9,squad,,arrow,,true,stand
goblin_lord,ゴブリンロード,enemy,paladin,goblin,1.0,0,0,1.2,retinue,goblin,slash_m,,true,stand
skeleton,スケルトン,enemy,priest,undead,1.0,0,0,1.0,squad,,slash_m,,true,stand
zombie,ゾンビ,enemy,bishop,undead,1.0,0,0,1.0,squad,,punch,,true,stand
skeleton_archer,スケルトンアーチャー,enemy,slinger,undead,1.0,16,0,1.0,squad,,arrow_bone,,true,stand
ghoul,グール,enemy,fighter,undead,1.05,0,0,1.05,squad,,claw,,true,stand
dullahan,デュラハン,enemy,warlord,undead,1.1,0,0,1.1,squad,,slash_l,,true,stand
ghost,ゴースト,enemy,pixie,undead,0.9,0,20,0.9,squad,,curse_wisp,move_drift,true,stand
wraith,レイス,enemy,birdman,undead,1.05,16,20,1.05,squad,,slash_m,move_drift,true,stand
necromancer,ネクロマンサー,enemy,sorcerer,undead,1.05,0,0,1.26,retinue,skeleton|zombie|skeleton|zombie|skeleton|skeleton|zombie,curse,,true,stand
orc,オーク,enemy,fighter,orc,1.05,0,0,1.05,squad,,slash_m,,true,stand
orc_leader,オークリーダー,enemy,vanguard,orc,1.15,0,0,1.15,squad,,slash_m,,true,stand
orc_mage,オークメイジ,enemy,mage,orc,1.0,0,0,1.0,squad,,fire_ball,,true,stand
griffon,グリフォン,enemy,valkyrie,beast,1.15,0,20,1.15,squad,,claw,,true,stand
harpy,ハーピー,enemy,birdman,beast,0.9,0,20,0.9,squad,,claw,,true,stand
rock_serpent,ロックサーペント,enemy,scout,beast,0.7,0,0,0.7,squad,,bite,,true,stand
wyrm,ワイアーム,enemy,ninja,beast,1.05,0,0,1.3,single,,bite,,true,stand
scorpion,スコーピオン,enemy,knight,beast,0.9,0,0,0.9,squad,,pincer,,true,stand
rogue,ローグ,enemy,cleric,rogue,1.0,0,0,1.0,squad,,slash_s,,true,stand
rogue_axe,ローグアックス,enemy,priest,rogue,1.1,-16,0,1.1,squad,,slash_l,,true,stand
rogue_slinger,ローグスリンガー,enemy,slinger,rogue,1.0,0,0,1.0,squad,,stone,,true,stand
rogue_head,ローグヘッド,enemy,paladin,rogue,1.05,0,0,1.05,retinue,rogue,slash_m,,true,stand
rogue_wagon,ならず者の馬車,enemy,wagon,rogue,0.95,0,0,1.45,single,,,move_wagon,true,stand
troll,トロール,enemy,juggernaut,giant,1.3,0,0,1.3,single,,punch,,true,stand
treant,トレント,enemy,forest_knight,plant,1.3,0,0,1.3,squad,,punch,,true,stand
matango,マタンゴ,enemy,forest_slinger,plant,0.9,0,0,0.9,squad,,spore,,true,stand
mandragora,マンドラゴラ,enemy,forest_witch,plant,0.9,0,0,0.9,squad,,scream,,true,stand
slime,スライム,enemy,slime,magical,0.7,0,0,0.85,squad,,,,true,stand
homunculus,ホムンクルス,enemy,cleric,magical,0.8,0,0,0.8,squad,,punch,,true,stand
magic_hound,マジックハウンド,enemy,scout,magical,1.0,0,0,1.0,squad,,bite,,true,stand
magic_eye,マジックアイ,enemy,witch,magical,0.8,0,20,0.8,squad,,ray_eye_red,move_drift,true,0.0|0.328
gear_soldier,歯車兵,enemy,cleric,machine,0.8,0,0,0.8,squad,,punch,,true,stand
bomber,ボマー,enemy,birdman,machine,0.8,0,20,0.8,squad,,bomb,,true,stand
wheel_soldier,車輪兵,enemy,lancer,machine,1.0,0,0,1.0,squad,,thrust,move_wheel,true,stand
abomination,半魔半機の怪物,enemy,abomination,machine,1.3,0,0,1.3,single,,magic_bolt,,true,stand
turret,固定砲台,enemy,turret,machine,1.3,0,0,1.3,single,,ray_rail_red,,true,0.29|0.25
red_dragon,レッドドラゴン,enemy,dragon,dragon,1.4,0,20,1.7,single,,fire_breath,,true,stand
