id,atk_ground,atk_air,pierce,defense,move,move_type,range,move_after_attack,can_capture,max_troops,capacity,shield,repairable,category,memo
種別ID,対地,対空,貫通率,防御,移動,移動タイプ,射程,攻撃後移動,占領可,満員兵数,搭乗数,シールド,リペア可,兵種,備考
cleric,20,0,0,20,2,foot,1,false,true,8,0,0,false,clergy,見習い
priest,40,0,0,20,2,foot,1,false,true,8,0,0,false,clergy,
bishop,20,0,0,40,2,foot,1,false,true,8,0,0,false,clergy,
paladin,50,0,0,50,5,foot,1,false,true,8,0,0,false,clergy,
slinger,20,20,0,20,3,foot,1-2,false,false,8,0,0,false,archer,見習い
forest_slinger,20,20,0,20,3,forest_stride,1-2,false,false,8,0,0,false,archer,slinger の森歩き版
archer,30,40,0,30,4,foot,1-3,false,false,8,0,0,false,archer,
hunter,30,50,0,30,5,foot,1-4,false,false,8,0,0,false,archer,
elf,30,60,0,20,4,forest_stride,1-5,false,false,8,0,0,false,archer,
mage,20,20,0.5,20,4,foot,2-3,false,false,8,0,0,false,mage,見習い
wizard,40,40,0.5,30,4,foot,2-4,false,false,8,0,0,false,mage,
witch,30,30,0.5,30,4,foot,2-5,false,false,8,0,0,false,mage,
forest_witch,30,30,0.5,30,4,forest_stride,2-5,false,false,8,0,0,false,mage,witch の森歩き版
scout,20,0,0,20,7,light_foot,1,true,false,8,0,0,false,scout,見習い
thief,50,10,0,20,7,light_foot,1,true,false,8,0,0,false,scout,
halfling,40,10,0,20,7,brush_stride,1-2,true,false,8,0,0,false,scout,
ninja,70,10,0,20,8,light_foot,1,true,false,8,0,0,false,scout,
kunoichi,30,30,0.5,20,7,light_foot,1,true,false,8,0,0,false,scout,忍術使うので魔法扱い
pixie,10,10,0.5,10,5,flight,1,false,false,8,0,0,false,flier,
birdman,30,30,0,30,6,flight,1,false,false,8,0,0,false,flier,
pegasus,0,90,0,30,12,flight,1,false,false,8,0,0,false,flier,
valkyrie,70,20,0,30,10,flight,1,false,false,8,0,0,false,flier,
novice,45,0,0,30,5,foot,1,false,false,8,0,0,false,infantry,
fighter,50,0,0,40,6,foot,1,false,false,8,0,0,false,infantry,
vanguard,55,0,0,50,6,foot,1,false,false,8,0,0,false,infantry,
samurai,70,0,0,50,5,foot,1,false,false,8,0,0,false,infantry,
knight,50,0,0,70,5,foot,1,false,false,8,0,0,false,infantry,
forest_knight,50,0,0,70,5,forest_stride,1,false,false,8,0,0,false,infantry,knight の森歩き版
dwarf,60,0,0,60,4,mountain_stride,1,false,false,8,0,0,false,infantry,
magic_knight,45,0,0.5,40,6,foot,1,false,false,8,0,0,false,infantry,短距離の魔法扱いの魔法剣を使う
sorcerer,50,50,0.5,10,2,foot,2-5,false,false,8,0,8,false,champion,
sniper,80,80,0,20,2,foot,2-5,false,false,8,0,8,false,champion,
warlord,70,0,0,70,6,foot,1,false,false,8,0,8,false,champion,
juggernaut,80,0,0,80,2,foot,1,false,false,8,0,8,false,champion,動かない要塞（移動2・射程1）。近寄った者を潰す
dragon,70,70,0,50,11,flight,1,false,false,8,0,16,false,champion,
gunner,30,30,0.5,30,4,foot,2-4,false,false,8,0,0,false,engineer,
shieldwright,20,0,0,70,5,foot,1,false,false,8,0,0,false,engineer,
wagon,0,0,0,10,6,wheeled,1,false,false,8,4,0,true,transport,
horse,0,0,0,10,7,foot,1,false,false,8,1,0,false,transport,
airship,10,10,0,10,9,flight,1,false,false,8,4,0,true,transport,
minecart,0,0,0,10,8,rail_bound,1,false,false,8,4,0,true,transport,改良前のトロッコ。レールの上だけを走る
railcar,0,0,0,10,8,wheeled,1,false,false,8,4,0,true,transport,改良後のトロッコ。レールの外も走る
barricade,0,0,0,80,0,stationary,0,false,false,8,0,0,true,emplacement,
ballista,90,30,0,20,0,stationary,2-6,false,false,8,0,0,true,emplacement,
cannon,50,20,0,20,2,wheeled,2-5,false,false,8,0,0,true,emplacement,移動砲。帝国の蒸気の機械仕掛けで自走する
mantlet,0,0,0,60,2,wheeled,1,false,false,8,0,0,true,emplacement,移動壁。攻撃0なので殴れず、反撃もしない
drill,50,0,0,50,2,wheeled,1,false,false,8,0,0,true,emplacement,ドリル（削岩機）。攻撃できる壁
slime,20,0,0,20,2,foot,1,false,false,8,0,0,false,magical,分裂スキルで増える
,,,,
