move_type,name,road,plain,wasteland,rampart,river,wall,plateau,forest,brush,bedrock,fence,trap,prop,rubble,rock,building,fort,bridge,keepout,rail
移動タイプ,表示名,道,平地,荒地,城壁,川,壁,台地,森,茂み,岩地,柵,罠,置物,瓦礫,大岩,建物,砦,橋,立入禁止,レール
foot,歩行,1,1,2,x,x,x,1,2,2,3,3,3,2,x,x,1,1,1,x,1
light_foot,軽歩行,1,1,1,4,x,x,1,1,1,2,1,1,1,4,x,1,1,1,x,1
forest_stride,森歩行,1,1,2,x,x,x,1,1,2,3,3,3,2,x,x,1,1,1,x,1
brush_stride,茂歩行,1,1,2,x,x,x,1,2,1,3,3,3,2,x,x,1,1,1,x,1
mountain_stride,山歩行,1,1,1,x,x,x,1,2,2,1,3,3,2,x,x,1,1,1,x,1
flight,飛行,1,1,1,1,1,x,1,1,1,1,1,1,1,1,1,1,1,1,x,1
stationary,固定,1,1,1,1,x,x,1,1,1,1,x,x,1,1,x,1,1,1,x,1
wheeled,車輪,1,1,2,x,x,x,1,4,3,x,3,3,2,x,x,1,1,1,x,1
rail_bound,レール走行,x,x,x,x,x,x,x,x,x,x,x,x,x,x,x,x,x,x,x,1
